the bachelorette the men tell,21
bachelorette the men tell all,21
falling in love with you,14
i falling in love with,11
at the end of the,11
the end of the day,11
to the bachelorette the men,11
will you accept this rose,10
you know what i mean,10
when the bachelorette the men,10
cheering welcome back to the,10
welcome back to the bachelorette,10
back to the bachelorette the,10
i do know if i,9
oh my god this is,8
want you to know that,8
the men tell all returns,8
men tell all returns cheering,8
in love with you and,7
at the end of this,7
cheering cheering welcome back to,7
falling in love with her,6
but at the end of,6
thank you so much for,6
let take a look back,6
was falling in love with,6
i in love with you,6
tell all returns cheering cheering,6
all returns cheering cheering welcome,6
returns cheering cheering welcome back,6
i just want you to,5
just want you to know,5
i want you to know,5
you to know that i,5
me in the hot seat,5
welcome back to the women,5
back to the women tell,5
to the women tell all,5
go go go go go,5
know what i mean like,5
i do want to be,4
how are you i good,4
got it you got it,4
in love with you i,4
this is gon na be,4
for the first time since,4
join me in the hot,4
but first let take a,4
first let take a look,4
there was a lot of,4
i have no idea what,4
i was falling in love,4
the rest of my life,4
you want to say to,4
to be honest with you,4
literally literally literally literally literally,4
that i falling in love,4
how do you feel about,4
season finale of the bachelorette,4
the men tell all i,4
men tell all i chris,4
tell all i chris harrison,4
and more when the bachelorette,4
more when the bachelorette the,4
he asked me to talk,4
i fell in love with,4
i so excited to be,3
can see a future with,3
a lot on the line,3
the luckiest girl in the,3
i gon na miss you,3
what it like to be,3
want to be able to,3
the first time that i,3
i am falling in love,3
feel like my heart is,3
beating so fast right now,3
he falling in love with,3
falling in love with me,3
love to meet your family,3
good how are you i,3
are you i good i,3
mean the world to me,3
i am in love with,3
am in love with you,3
i did sign up to,3
go home go home go,3
home go home go home,3
a little bit of a,3
we gon na take a,3
back more of the women,3
more of the women tell,3
of the women tell all,3
the women tell all right,3
women tell all right after,3
tell all right after this,3
right after this welcome back,3
was a lot of drama,3
a lot of drama this,3
lot of drama this season,3